Datetime,Water Level (m)
2025-03-09 18:00:00,0.06717242
2025-03-09 19:00:00,0.074574456
2025-03-09 20:00:00,0.016886292
2025-03-09 21:00:00,-0.06012178
2025-03-09 22:00:00,-0.12917003
2025-03-09 23:00:00,-0.19770484
2025-03-10 00:00:00,-0.25905815
2025-03-10 01:00:00,-0.32199043
2025-03-10 02:00:00,-0.34651607
2025-03-10 03:00:00,-0.3003846
2025-03-10 04:00:00,-0.21973844
2025-03-10 05:00:00,-0.15248919
2025-03-10 06:00:00,-0.098887146
2025-03-10 07:00:00,-0.07964759
2025-03-10 08:00:00,-0.124192365
2025-03-10 09:00:00,-0.19155344
2025-03-10 10:00:00,-0.2551341
2025-03-10 11:00:00,-0.31483713
2025-03-10 12:00:00,-0.37378985
2025-03-10 13:00:00,-0.41234145
2025-03-10 14:00:00,-0.39151555
2025-03-10 15:00:00,-0.29837295
2025-03-10 16:00:00,-0.20487945
2025-03-10 17:00:00,-0.110134356
2025-03-10 18:00:00,-0.018848304
2025-03-10 19:00:00,0.039033648
2025-03-10 20:00:00,0.04021344
2025-03-10 21:00:00,-0.0330887
2025-03-10 22:00:00,-0.114334494
2025-03-10 23:00:00,-0.18800434
2025-03-11 00:00:00,-0.259773
2025-03-11 01:00:00,-0.33355954
2025-03-11 02:00:00,-0.38838425
2025-03-11 03:00:00,-0.38903248
2025-03-11 04:00:00,-0.30384213
2025-03-11 05:00:00,-0.21429138
2025-03-11 06:00:00,-0.13615893
2025-03-11 07:00:00,-0.069141336
2025-03-11 08:00:00,-0.042922713
2025-03-11 09:00:00,-0.09290601
2025-03-11 10:00:00,-0.17214948
2025-03-11 11:00:00,-0.24154036
2025-03-11 12:00:00,-0.30609488
2025-03-11 13:00:00,-0.36908102
2025-03-11 14:00:00,-0.4114062
2025-03-11 15:00:00,-0.37696406
2025-03-11 16:00:00,-0.26283184
2025-03-11 17:00:00,-0.16056176
2025-03-11 18:00:00,-0.058400255
2025-03-11 19:00:00,0.03662912
2025-03-11 20:00:00,0.08995533
2025-03-11 21:00:00,0.07492164
2025-03-11 22:00:00,-0.0097096125
2025-03-11 23:00:00,-0.09646953
2025-03-12 00:00:00,-0.17496951
2025-03-12 01:00:00,-0.24911422
2025-03-12 02:00:00,-0.3268453
2025-03-12 03:00:00,-0.3749422
2025-03-12 04:00:00,-0.33327976
2025-03-12 05:00:00,-0.21458848
2025-03-12 06:00:00,-0.11599014
2025-03-12 07:00:00,-0.022782695
2025-03-12 08:00:00,0.040512495
2025-03-12 09:00:00,0.04824708
2025-03-12 10:00:00,-0.020454818
2025-03-12 11:00:00,-0.107317716
2025-03-12 12:00:00,-0.18191603
2025-03-12 13:00:00,-0.25371468
2025-03-12 14:00:00,-0.31795648
2025-03-12 15:00:00,-0.35895175
2025-03-12 16:00:00,-0.29422426
2025-03-12 17:00:00,-0.16713451
2025-03-12 18:00:00,-0.048818413
2025-03-12 19:00:00,0.13707763
2025-03-12 20:00:00,0.22897509
2025-03-12 21:00:00,0.21975525
2025-03-12 22:00:00,0.16687094
2025-03-12 23:00:00,0.06981331
2025-03-13 00:00:00,-0.021806829
2025-03-13 01:00:00,-0.10477437
2025-03-13 02:00:00,-0.19126227
2025-03-13 03:00:00,-0.2671678
2025-03-13 04:00:00,-0.27608585
2025-03-13 05:00:00,-0.16995554
2025-03-13 06:00:00,-0.05278993
2025-03-13 07:00:00,0.060274348
2025-03-13 08:00:00,0.18581101
2025-03-13 09:00:00,0.20887826
2025-03-13 10:00:00,0.17014074
2025-03-13 11:00:00,0.08224638
2025-03-13 12:00:00,-0.0036884723
2025-03-13 13:00:00,-0.084418714
2025-03-13 14:00:00,-0.16462077
2025-03-13 15:00:00,-0.24075717
2025-03-13 16:00:00,-0.25739962
2025-03-13 17:00:00,-0.1410855
2025-03-13 18:00:00,-0.012595522
2025-03-13 19:00:00,0.17293465
2025-03-13 20:00:00,0.32109153
2025-03-13 21:00:00,0.3566272
2025-03-13 22:00:00,0.29660743
2025-03-13 23:00:00,0.20771137
2025-03-14 00:00:00,0.105318755
2025-03-14 01:00:00,0.015957907
2025-03-14 02:00:00,-0.06996264
2025-03-14 03:00:00,-0.15208764
2025-03-14 04:00:00,-0.20849912
2025-03-14 05:00:00,-0.16475585
2025-03-14 06:00:00,-0.027715212
2025-03-14 07:00:00,0.090295814
2025-03-14 08:00:00,0.2746337
2025-03-14 09:00:00,0.33637196
2025-03-14 10:00:00,0.2909897
2025-03-14 11:00:00,0.22186476
2025-03-14 12:00:00,0.122654706
2025-03-14 13:00:00,0.028474707
2025-03-14 14:00:00,-0.0544929
2025-03-14 15:00:00,-0.13599633
2025-03-14 16:00:00,-0.19523089
2025-03-14 17:00:00,-0.15511045
2025-03-14 18:00:00,-0.013977784
2025-03-14 19:00:00,0.13160554
2025-03-14 20:00:00,0.3317961
2025-03-14 21:00:00,0.40571204
2025-03-14 22:00:00,0.36274874
2025-03-14 23:00:00,0.28768197
2025-03-15 00:00:00,0.1837949
2025-03-15 01:00:00,0.08887223
2025-03-15 02:00:00,0.0040605525
2025-03-15 03:00:00,-0.08261017
2025-03-15 04:00:00,-0.15681598
2025-03-15 05:00:00,-0.17986158
2025-03-15 06:00:00,-0.061290868
2025-03-15 07:00:00,0.06866964
2025-03-15 08:00:00,0.24088661
2025-03-15 09:00:00,0.3715767
2025-03-15 10:00:00,0.35249606
2025-03-15 11:00:00,0.30022505
2025-03-15 12:00:00,0.20620768
2025-03-15 13:00:00,0.108007245
2025-03-15 14:00:00,0.0144740995
2025-03-15 15:00:00,-0.070093565
2025-03-15 16:00:00,-0.14591472
2025-03-15 17:00:00,-0.17022535
2025-03-15 18:00:00,-0.06308345
